patentID,title,FirmID
100001,AI-Based Dynamic Pricing Model for E-commerce Platforms,1001
100002,Machine Learning Algorithm for Predictive Customer Churn Analysis in Subscription Services,1002
100003,Blockchain-Integrated AI System for Secure Supply Chain Management,1003
100004,Reinforcement Learning Framework for Autonomous Financial Portfolio Management,1004
100005,AI-Driven Fraud Detection System for Online Payment Platforms,1005
100006,Neural Network-Based Real-Time Sentiment Analysis for Financial Market Prediction,1006
100007,Deep Learning Approach to Personalized Marketing Campaign Optimization,1007
100008,AI-Powered Customer Support Chatbot System for E-commerce,1008
100009,AI-Assisted Inventory Management System for Retail Operations,1009
100010,Natural Language Processing System for Contract Review and Risk Analysis,1010
100011,Automated Business Analytics Platform Using Machine Learning for Decision Support,1011
100012,AI-Enabled Recommendation Engine for Customized Product Offers in E-commerce,1012
100013,Predictive Maintenance System for Manufacturing Using AI and IoT Sensors,1013
100014,AI-Driven Workflow Automation for Business Process Optimization,1014
100015,Cloud-Based AI Framework for Data-Driven Business Intelligence,1015
100016,Neural Network-Based System for Automated Credit Scoring in Financial Institutions,1016
100017,AI-Augmented Customer Feedback Analysis for Service Improvement,1017
100018,Blockchain-Enhanced Machine Learning for Secure Data Sharing in Business Applications,1018
100019,AI-Driven Platform for Real-Time Stock Market Trading Recommendations,1019
100020,Deep Learning System for Dynamic Inventory and Demand Forecasting,1020
100021,AI-Based Employee Performance Evaluation System Using Predictive Analytics,"1001,1023"
100022,Autonomous Decision-Making System for Corporate Strategic Planning Using AI,"1002,1024"
100023,Machine Learning Framework for Optimizing Digital Advertising Campaigns,"1003,1025"
100024,AI-Assisted Tax Compliance and Reporting System for Businesses,"1004,1026"
100025,Reinforcement Learning-Based Autonomous Supply Chain Logistics Management,"1005,1027"
100026,Natural Language Processing for Automated Business Document Classification and Summarization,"1006,1028"
100027,AI-Powered Predictive Sales Analysis for Retail and Wholesale Industries,"1007,1029"
100028,AI-Augmented Financial Risk Assessment System for Insurance Underwriting,"1008,1030"
100029,Machine Learning-Enhanced Pricing Optimization System for Dynamic Market Conditions,"1009,1001"
100030,AI-Driven System for Real-Time Personalization of Digital Content,"1010,1002"
100031,Blockchain-Based Distributed AI System for Collaborative Business Applications,"1011,1003,1004"
100032,AI-Powered Talent Acquisition Platform for Resume Screening and Candidate Matching,"1012,1005,1006"
100033,Autonomous Business Process Automation System Using Deep Learning Techniques,"1013,1007,1008"
100034,AI-Based Sentiment Analysis Tool for Corporate Social Media Management,"1014,1009,1010"
100035,AI-Enhanced Procurement Optimization Platform for Enterprises,"1015,1011,1012"
100036,AI-Driven Personal Finance Management System with Real-Time Budgeting Recommendations,"1016,1013,1014"
100037,Neural Network-Based System for Automated Legal Contract Drafting and Review,"1017,1015,1016"
100038,AI-Enabled Dynamic Scheduling System for Workforce Management,"1008,1017"
100039,Machine Learning-Based Predictive Modeling for Financial Risk Mitigation,"1019,1020"
100040,AI-Powered Customer Segmentation and Targeting Platform for Digital Marketing,"1020,1021,1022"
100041,Reinforcement Learning Algorithm for Autonomous Investment Strategy Development,"1021,1023,1024"
100042,AI-Augmented Due Diligence Platform for Corporate Mergers and Acquisitions,"1022,1025,1026"
100043,AI-Powered System for Personalized Learning Pathways in Corporate Training Programs,"1023,1027,1028"
100044,Deep Learning Algorithm for Predicting Consumer Behavior in Retail,"1024,1029,1030"
100045,AI-Enabled Platform for Real-Time Detection of Market Anomalies in Financial Trading,"1025,1001,1002"
100046,Machine Learning-Based System for Predictive Maintenance in Manufacturing Operations,"1026,1003,1004"
100047,AI-Powered System for Automated Invoice Processing and Payment Reconciliation,"1027,1005,1006"
100048,Blockchain and AI Integrated Platform for Secure Business Transactions,"1028,1007,1008"
100049,AI-Driven Risk Analysis and Compliance Monitoring System for Financial Institutions,"1029,1009,1010"
100050,AI-Enhanced Customer Journey Mapping for Omni-Channel Marketing Strategies,"1030,1011,1012"
